<!-- $Id: titlepage-html.spec.xml 211 2010-01-12 18:25:02Z linus $ -->
<!--
// Copyright (c) 1996-2007 The Regents of the University of California. All
// Rights Reserved. Permission to use, copy, modify, and distribute this
// software and its documentation without fee, and without a written
// agreement is hereby granted, provided that the above copyright notice
// and this paragraph appear in all copies.  This software program and
// documentation are copyrighted by The Regents of the University of
// California. The software program and documentation are supplied "AS
// IS", without any accompanying services from The Regents. The Regents
// does not warrant that the operation of the program will be
// uninterrupted or error-free. The end-user understands that the program
// was developed for research purposes and is advised not to rely
// exclusively on the program for any reason.  IN NO EVENT SHALL THE
// UNIVERSITY OF CALIFORNIA BE LIABLE TO ANY PARTY FOR DIRECT, INDIRECT,
// SPECIAL, INCIDENTAL, OR CONSEQUENTIAL DAMAGES, INCLUDING LOST PROFITS,
// ARISING OUT OF THE USE OF THIS SOFTWARE AND ITS DOCUMENTATION, EVEN IF
// THE UNIVERSITY OF CALIFORNIA HAS BEEN ADVISED OF THE POSSIBILITY OF
// SUCH DAMAGE. THE UNIVERSITY OF CALIFORNIA SPECIFICALLY DISCLAIMS ANY
// WARRANTIES, INCLUDING, BUT NOT LIMITED TO, THE IMPLIED WARRANTIES OF
// MERCHANTABILITY AND FITNESS FOR A PARTICULAR PURPOSE. THE SOFTWARE
// PROVIDED HEREUNDER IS ON AN "AS IS" BASIS, AND THE UNIVERSITY OF
// CALIFORNIA HAS NO OBLIGATIONS TO PROVIDE MAINTENANCE, SUPPORT,
// UPDATES, ENHANCEMENTS, OR MODIFICATIONS.
-->

<t:templates xmlns:t="http://nwalsh.com/docbook/xsl/template/1.0"
	     xmlns:param="http://nwalsh.com/docbook/xsl/template/1.0/param"
             xmlns:xsl="http://www.w3.org/1999/XSL/Transform">

<!-- ==================================================================== -->

<!-- Custom spec file for including an image on a title page
     This file is a specification, which can be processed with 
     docbook-xsl/template/titlepage.xls and saxon in order to generate
     a stylesheet.  The generated stylesheet can then be included in the top 
     level documentation build (e.g. inside create-chunked.xsl). -->

<t:titlepage t:element="book" t:wrapper="div" class="titlepage">
  <t:titlepage-content t:side="recto">
    <mediaobject/>
    <title/>
    <subtitle/>
    <corpauthor/>
    <authorgroup/>
    <author/>
    <othercredit/>
    <releaseinfo/>
    <copyright/>
    <legalnotice/>
    <pubdate/>
    <revision/>
    <revhistory/>
    <abstract/>
  </t:titlepage-content>

  <t:titlepage-content t:side="verso">
  </t:titlepage-content>

  <t:titlepage-separator>
    <hr/>
  </t:titlepage-separator>

  <t:titlepage-before t:side="recto">
  </t:titlepage-before>

  <t:titlepage-before t:side="verso">
  </t:titlepage-before>
</t:titlepage>

</t:templates>
