<!-- $Id: titlepage-pdf.spec.xml 211 2010-01-12 18:25:02Z linus $ -->
<!--
// Copyright (c) 1996-2007 The Regents of the University of California. All
// Rights Reserved. Permission to use, copy, modify, and distribute this
// software and its documentation without fee, and without a written
// agreement is hereby granted, provided that the above copyright notice
// and this paragraph appear in all copies.  This software program and
// documentation are copyrighted by The Regents of the University of
// California. The software program and documentation are supplied "AS
// IS", without any accompanying services from The Regents. The Regents
// does not warrant that the operation of the program will be
// uninterrupted or error-free. The end-user understands that the program
// was developed for research purposes and is advised not to rely
// exclusively on the program for any reason.  IN NO EVENT SHALL THE
// UNIVERSITY OF CALIFORNIA BE LIABLE TO ANY PARTY FOR DIRECT, INDIRECT,
// SPECIAL, INCIDENTAL, OR CONSEQUENTIAL DAMAGES, INCLUDING LOST PROFITS,
// ARISING OUT OF THE USE OF THIS SOFTWARE AND ITS DOCUMENTATION, EVEN IF
// THE UNIVERSITY OF CALIFORNIA HAS BEEN ADVISED OF THE POSSIBILITY OF
// SUCH DAMAGE. THE UNIVERSITY OF CALIFORNIA SPECIFICALLY DISCLAIMS ANY
// WARRANTIES, INCLUDING, BUT NOT LIMITED TO, THE IMPLIED WARRANTIES OF
// MERCHANTABILITY AND FITNESS FOR A PARTICULAR PURPOSE. THE SOFTWARE
// PROVIDED HEREUNDER IS ON AN "AS IS" BASIS, AND THE UNIVERSITY OF
// CALIFORNIA HAS NO OBLIGATIONS TO PROVIDE MAINTENANCE, SUPPORT,
// UPDATES, ENHANCEMENTS, OR MODIFICATIONS.
-->

<!DOCTYPE t:templates [
<!ENTITY hsize0 "10pt">
<!ENTITY hsize1 "12pt">
<!ENTITY hsize2 "14.4pt">
<!ENTITY hsize3 "17.28pt">
<!ENTITY hsize4 "20.736pt">
<!ENTITY hsize5 "24.8832pt">
<!ENTITY hsize0space "7.5pt"> <!-- 0.75 * hsize0 -->
<!ENTITY hsize1space "9pt"> <!-- 0.75 * hsize1 -->
<!ENTITY hsize2space "10.8pt"> <!-- 0.75 * hsize2 -->
<!ENTITY hsize3space "12.96pt"> <!-- 0.75 * hsize3 -->
<!ENTITY hsize4space "15.552pt"> <!-- 0.75 * hsize4 -->
<!ENTITY hsize5space "18.6624pt"> <!-- 0.75 * hsize5 -->
]>
<t:templates xmlns:t="http://nwalsh.com/docbook/xsl/template/1.0"
	     xmlns:param="http://nwalsh.com/docbook/xsl/template/1.0/param"
             xmlns:fo="http://www.w3.org/1999/XSL/Format"
             xmlns:xsl="http://www.w3.org/1999/XSL/Transform">

<!-- Custom spec file for including an image on a title page
     This file is a specification, which can be processed with 
     docbook-xsl/template/titlepage.xls and saxon in order to generate
     a stylesheet.  The generated stylesheet can then be included in the top 
     level documentation build (e.g. inside create-chunked.xsl). -->

<!-- ==================================================================== -->

  <t:titlepage t:element="book" t:wrapper="fo:block">
    <t:titlepage-content t:side="recto">
      <mediaobject/>
      <title
	     t:named-template="division.title"
	     param:node="ancestor-or-self::book[1]"
	     text-align="center"
	     font-size="&hsize5;"
	     space-before="&hsize5space;"
	     font-weight="bold"
	     font-family="{$title.fontset}"/>
      <subtitle
		text-align="center"
		font-size="&hsize4;"
		space-before="&hsize4space;"
		font-family="{$title.fontset}"/>
      <corpauthor font-size="&hsize3;"
		  keep-with-next.within-column="always"
		  space-before="2in"/>
      <authorgroup space-before="2in"/>
      <author font-size="&hsize3;"
	      space-before="&hsize2space;"
	      keep-with-next.within-column="always"/>
    </t:titlepage-content>

  <t:titlepage-content t:side="verso">
      <title
	     t:named-template="book.verso.title"
	     font-size="&hsize2;"
	     font-weight="bold"
	     font-family="{$title.fontset}"/>
      <corpauthor/>
      <authorgroup t:named-template="verso.authorgroup"/>
      <author/>
      <othercredit/>
      <pubdate space-before="1em"/>
      <copyright/>
      <abstract/>
      <legalnotice font-size="8pt"/>
  </t:titlepage-content>

  <t:titlepage-separator>
      <fo:block break-after="page"/>
  </t:titlepage-separator>

  <t:titlepage-before t:side="recto">
  </t:titlepage-before>

  <t:titlepage-before t:side="verso">
      <fo:block break-after="page"/>
  </t:titlepage-before>
</t:titlepage>

<!-- ==================================================================== -->

</t:templates>
